date,#VisitorPerDay
2013-01-01,67
2013-01-02,69
2013-01-03,70
2013-01-04,72
2013-01-05,73
2013-01-06,74
2013-01-07,75
2013-01-08,75
2013-01-09,76
2013-01-10,76
2013-01-11,76
2013-01-12,76
2013-01-13,76
2013-01-14,76
2013-01-15,75
2013-01-16,75
2013-01-17,74
2013-01-18,73
2013-01-19,72
2013-01-20,72
2013-01-21,70
2013-01-22,69
2013-01-23,68
2013-01-24,67
2013-01-25,66
2013-01-26,64
2013-01-27,63
2013-01-28,61
2013-01-29,60
2013-01-30,58
2013-01-31,56
2013-02-01,55
2013-02-02,53
2013-02-03,52
2013-02-04,50
2013-02-05,48
2013-02-06,47
2013-02-07,45
2013-02-08,44
2013-02-09,42
2013-02-10,41
2013-02-11,39
2013-02-12,38
2013-02-13,36
2013-02-14,35
2013-02-15,34
2013-02-16,33
2013-02-17,32
2013-02-18,31
2013-02-19,30
2013-02-20,29
2013-02-21,29
2013-02-22,28
2013-02-23,28
2013-02-24,27
2013-02-25,27
2013-02-26,27
2013-02-27,27
2013-02-28,28
2013-03-01,28
2013-03-02,29
2013-03-03,29
2013-03-04,30
2013-03-05,31
2013-03-06,32
2013-03-07,34
2013-03-08,35
2013-03-09,37
2013-03-10,38
2013-03-11,40
2013-03-12,41
2013-03-13,43
2013-03-14,45
2013-03-15,47
2013-03-16,49
2013-03-17,50
2013-03-18,52
2013-03-19,54
2013-03-20,56
2013-03-21,58
2013-03-22,59
2013-03-23,61
2013-03-24,63
2013-03-25,64
2013-03-26,66
2013-03-27,67
2013-03-28,68
2013-03-29,69
2013-03-30,70
2013-03-31,71
2013-04-01,72
2013-04-02,73
2013-04-03,73
2013-04-04,73
2013-04-05,73
2013-04-06,73
2013-04-07,73
2013-04-08,73
2013-04-09,73
2013-04-10,72
2013-04-11,72
2013-04-12,71
2013-04-13,71
2013-04-14,70
2013-04-15,69
2013-04-16,69
2013-04-17,68
2013-04-18,67
2013-04-19,66
2013-04-20,65
2013-04-21,65
2013-04-22,64
2013-04-23,63
2013-04-24,62
2013-04-25,62
2013-04-26,61
2013-04-27,60
2013-04-28,60
2013-04-29,59
2013-04-30,59
2013-05-01,58
2013-05-02,58
2013-05-03,58
2013-05-04,58
2013-05-05,58
2013-05-06,58
2013-05-07,58
2013-05-08,58
2013-05-09,59
2013-05-10,59
2013-05-11,60
2013-05-12,60
2013-05-13,61
2013-05-14,61
2013-05-15,62
2013-05-16,63
2013-05-17,63
2013-05-18,64
2013-05-19,65
2013-05-20,66
2013-05-21,67
2013-05-22,68
2013-05-23,69
2013-05-24,69
2013-05-25,70
2013-05-26,71
2013-05-27,72
2013-05-28,73
2013-05-29,74
2013-05-30,75
2013-05-31,76
2013-06-01,77
2013-06-02,78
2013-06-03,79
2013-06-04,79
2013-06-05,80
2013-06-06,81
2013-06-07,82
2013-06-08,82
2013-06-09,83
2013-06-10,83
2013-06-11,84
2013-06-12,84
2013-06-13,84
2013-06-14,84
2013-06-15,85
2013-06-16,85
2013-06-17,84
2013-06-18,84
2013-06-19,84
2013-06-20,83
2013-06-21,83
2013-06-22,82
2013-06-23,81
2013-06-24,80
2013-06-25,79
2013-06-26,78
2013-06-27,76
2013-06-28,74
2013-06-29,73
2013-06-30,71
2013-07-01,68
2013-07-02,66
2013-07-03,63
2013-07-04,61
2013-07-05,58
2013-07-06,55
2013-07-07,52
2013-07-08,49
2013-07-09,45
2013-07-10,42
2013-07-11,39
2013-07-12,36
2013-07-13,33
2013-07-14,30
2013-07-15,27
2013-07-16,24
2013-07-17,21
2013-07-18,19
2013-07-19,16
2013-07-20,14
2013-07-21,12
2013-07-22,10
2013-07-23,9
2013-07-24,7
2013-07-25,6
2013-07-26,6
2013-07-27,5
2013-07-28,5
2013-07-29,6
2013-07-30,7
2013-07-31,8
2013-08-01,10
2013-08-02,12
2013-08-03,15
2013-08-04,18
2013-08-05,21
2013-08-06,25
2013-08-07,29
2013-08-08,33
2013-08-09,38
2013-08-10,43
2013-08-11,48
2013-08-12,53
2013-08-13,58
2013-08-14,64
2013-08-15,69
2013-08-16,74
2013-08-17,80
2013-08-18,85
2013-08-19,91
2013-08-20,96
2013-08-21,101
2013-08-22,106
2013-08-23,111
2013-08-24,116
2013-08-25,120
2013-08-26,124
2013-08-27,128
2013-08-28,132
2013-08-29,135
2013-08-30,137
2013-08-31,140
2013-09-01,141
2013-09-02,143
2013-09-03,144
2013-09-04,144
2013-09-05,144
2013-09-06,143
2013-09-07,143
2013-09-08,141
2013-09-09,140
2013-09-10,138
2013-09-11,136
2013-09-12,134
2013-09-13,132
2013-09-14,129
2013-09-15,126
2013-09-16,123
2013-09-17,120
2013-09-18,117
2013-09-19,114
2013-09-20,111
2013-09-21,107
2013-09-22,104
2013-09-23,101
2013-09-24,98
2013-09-25,95
2013-09-26,92
2013-09-27,89
2013-09-28,87
2013-09-29,84
2013-09-30,82
2013-10-01,80
2013-10-02,79
2013-10-03,78
2013-10-04,76
2013-10-05,76
2013-10-06,75
2013-10-07,75
2013-10-08,74
2013-10-09,74
2013-10-10,75
2013-10-11,75
2013-10-12,75
2013-10-13,76
2013-10-14,77
2013-10-15,77
2013-10-16,78
2013-10-17,79
2013-10-18,80
2013-10-19,81
2013-10-20,83
2013-10-21,84
2013-10-22,85
2013-10-23,86
2013-10-24,87
2013-10-25,88
2013-10-26,89
2013-10-27,90
2013-10-28,91
2013-10-29,92
2013-10-30,93
2013-10-31,93
2013-11-01,94
2013-11-02,94
2013-11-03,94
2013-11-04,94
2013-11-05,94
2013-11-06,94
2013-11-07,94
2013-11-08,93
2013-11-09,93
2013-11-10,92
2013-11-11,92
2013-11-12,91
2013-11-13,90
2013-11-14,89
2013-11-15,88
2013-11-16,88
2013-11-17,87
2013-11-18,86
2013-11-19,85
2013-11-20,84
2013-11-21,83
2013-11-22,82
2013-11-23,81
2013-11-24,80
2013-11-25,79
2013-11-26,78
2013-11-27,77
2013-11-28,76
2013-11-29,75
2013-11-30,75
2013-12-01,74
2013-12-02,73
2013-12-03,73
2013-12-04,72
2013-12-05,72
2013-12-06,72
2013-12-07,71
2013-12-08,71
2013-12-09,71
2013-12-10,71
2013-12-11,71
2013-12-12,71
2013-12-13,71
2013-12-14,71
2013-12-15,72
2013-12-16,72
2013-12-17,72
2013-12-18,72
2013-12-19,73
2013-12-20,73
2013-12-21,74
2013-12-22,74
2013-12-23,75
2013-12-24,76
2013-12-25,76
2013-12-26,77
2013-12-27,78
2013-12-28,79
2013-12-29,79
2013-12-30,80
2013-12-31,81
2014-01-01,82
2014-01-02,83
2014-01-03,84
2014-01-04,85
2014-01-05,86
2014-01-06,87
2014-01-07,88
2014-01-08,89
2014-01-09,89
2014-01-10,90
2014-01-11,91
2014-01-12,92
2014-01-13,92
2014-01-14,93
2014-01-15,93
2014-01-16,94
2014-01-17,94
2014-01-18,94
2014-01-19,94
2014-01-20,94
2014-01-21,94
2014-01-22,93
2014-01-23,93
2014-01-24,92
2014-01-25,91
2014-01-26,90
2014-01-27,89
2014-01-28,87
2014-01-29,85
2014-01-30,83
2014-01-31,81
2014-02-01,79
2014-02-02,76
2014-02-03,73
2014-02-04,70
2014-02-05,67
2014-02-06,64
2014-02-07,60
2014-02-08,56
2014-02-09,53
2014-02-10,49
2014-02-11,46
2014-02-12,42
2014-02-13,38
2014-02-14,35
2014-02-15,32
2014-02-16,29
2014-02-17,26
2014-02-18,23
2014-02-19,20
2014-02-20,18
2014-02-21,16
2014-02-22,14
2014-02-23,13
2014-02-24,12
2014-02-25,12
2014-02-26,12
2014-02-27,12
2014-02-28,13
2014-03-01,14
2014-03-02,16
2014-03-03,19
2014-03-04,22
2014-03-05,25
2014-03-06,29
2014-03-07,33
2014-03-08,38
2014-03-09,42
2014-03-10,47
2014-03-11,53
2014-03-12,58
2014-03-13,64
2014-03-14,69
2014-03-15,75
2014-03-16,81
2014-03-17,86
2014-03-18,92
2014-03-19,98
2014-03-20,103
2014-03-21,108
2014-03-22,113
2014-03-23,118
2014-03-24,123
2014-03-25,127
2014-03-26,131
2014-03-27,135
2014-03-28,138
2014-03-29,140
2014-03-30,142
2014-03-31,144
2014-04-01,145
2014-04-02,145
2014-04-03,145
2014-04-04,144
2014-04-05,143
2014-04-06,141
2014-04-07,139
2014-04-08,137
2014-04-09,134
2014-04-10,131
2014-04-11,127
2014-04-12,124
2014-04-13,120
2014-04-14,116
2014-04-15,112
2014-04-16,108
2014-04-17,104
2014-04-18,100
2014-04-19,96
2014-04-20,92
2014-04-21,88
2014-04-22,85
2014-04-23,82
2014-04-24,79
2014-04-25,76
2014-04-26,74
2014-04-27,72
2014-04-28,70
2014-04-29,69
2014-04-30,68
2014-05-01,68
2014-05-02,69
2014-05-03,70
2014-05-04,72
2014-05-05,74
2014-05-06,77
2014-05-07,80
2014-05-08,83
2014-05-09,87
2014-05-10,90
2014-05-11,94
2014-05-12,99
2014-05-13,103
2014-05-14,108
2014-05-15,112
2014-05-16,117
2014-05-17,121
2014-05-18,126
2014-05-19,130
2014-05-20,134
2014-05-21,138
2014-05-22,142
2014-05-23,145
2014-05-24,149
2014-05-25,151
2014-05-26,154
2014-05-27,156
2014-05-28,157
2014-05-29,158
2014-05-30,158
2014-05-31,158
2014-06-01,157
2014-06-02,156
2014-06-03,153
2014-06-04,150
2014-06-05,147
2014-06-06,143
2014-06-07,139
2014-06-08,134
2014-06-09,129
2014-06-10,124
2014-06-11,118
2014-06-12,112
2014-06-13,106
2014-06-14,100
2014-06-15,94
2014-06-16,89
2014-06-17,83
2014-06-18,77
2014-06-19,71
2014-06-20,66
2014-06-21,61
2014-06-22,56
2014-06-23,52
2014-06-24,48
2014-06-25,45
2014-06-26,42
2014-06-27,40
2014-06-28,39
2014-06-29,38
2014-06-30,38
2014-07-01,39
2014-07-02,40
2014-07-03,43
2014-07-04,46
2014-07-05,50
2014-07-06,55
2014-07-07,60
2014-07-08,65
2014-07-09,72
2014-07-10,78
2014-07-11,85
2014-07-12,93
2014-07-13,100
2014-07-14,108
2014-07-15,116
2014-07-16,124
2014-07-17,132
2014-07-18,140
2014-07-19,148
2014-07-20,156
2014-07-21,164
2014-07-22,171
2014-07-23,179
2014-07-24,185
2014-07-25,192
2014-07-26,198
2014-07-27,204
2014-07-28,209
2014-07-29,213
2014-07-30,217
2014-07-31,220
2014-08-01,222
2014-08-02,223
2014-08-03,224
2014-08-04,224
2014-08-05,223
2014-08-06,222
2014-08-07,219
2014-08-08,217
2014-08-09,214
2014-08-10,210
2014-08-11,206
2014-08-12,202
2014-08-13,197
2014-08-14,192
2014-08-15,186
2014-08-16,181
2014-08-17,175
2014-08-18,169
2014-08-19,163
2014-08-20,157
2014-08-21,151
2014-08-22,146
2014-08-23,140
2014-08-24,134
2014-08-25,129
2014-08-26,124
2014-08-27,119
2014-08-28,114
2014-08-29,110
2014-08-30,106
2014-08-31,103
2014-09-01,100
2014-09-02,97
2014-09-03,95
2014-09-04,94
2014-09-05,93
2014-09-06,93
2014-09-07,93
2014-09-08,93
2014-09-09,94
2014-09-10,95
2014-09-11,96
2014-09-12,97
2014-09-13,99
2014-09-14,101
2014-09-15,103
2014-09-16,106
2014-09-17,108
2014-09-18,111
2014-09-19,113
2014-09-20,116
2014-09-21,119
2014-09-22,121
2014-09-23,124
2014-09-24,126
2014-09-25,129
2014-09-26,131
2014-09-27,133
2014-09-28,135
2014-09-29,137
2014-09-30,139
2014-10-01,140
2014-10-02,141
2014-10-03,142
2014-10-04,142
2014-10-05,142
2014-10-06,142
2014-10-07,142
2014-10-08,142
2014-10-09,141
2014-10-10,140
2014-10-11,139
2014-10-12,138
2014-10-13,136
2014-10-14,135
2014-10-15,133
2014-10-16,132
2014-10-17,130
2014-10-18,128
2014-10-19,126
2014-10-20,124
2014-10-21,122
2014-10-22,120
2014-10-23,118
2014-10-24,115
2014-10-25,113
2014-10-26,111
2014-10-27,109
2014-10-28,107
2014-10-29,105
2014-10-30,103
2014-10-31,101
2014-11-01,100
2014-11-02,98
2014-11-03,97
2014-11-04,95
2014-11-05,94
2014-11-06,93
2014-11-07,92
2014-11-08,91
2014-11-09,90
2014-11-10,89
2014-11-11,88
2014-11-12,88
2014-11-13,88
2014-11-14,87
2014-11-15,87
2014-11-16,87
2014-11-17,87
2014-11-18,87
2014-11-19,87
2014-11-20,88
2014-11-21,88
2014-11-22,88
2014-11-23,89
2014-11-24,90
2014-11-25,91
2014-11-26,92
2014-11-27,93
2014-11-28,94
2014-11-29,95
2014-11-30,96
2014-12-01,98
2014-12-02,99
2014-12-03,101
2014-12-04,103
2014-12-05,104
2014-12-06,106
2014-12-07,108
2014-12-08,110
2014-12-09,112
2014-12-10,114
2014-12-11,116
2014-12-12,118
2014-12-13,120
2014-12-14,122
2014-12-15,124
2014-12-16,127
2014-12-17,129
2014-12-18,131
2014-12-19,132
2014-12-20,134
2014-12-21,136
2014-12-22,138
2014-12-23,140
2014-12-24,141
2014-12-25,143
2014-12-26,144
2014-12-27,146
2014-12-28,147
2014-12-29,148
2014-12-30,149
2014-12-31,149
2015-01-01,150
2015-01-02,151
2015-01-03,151
2015-01-04,151
2015-01-05,151
2015-01-06,151
2015-01-07,151
2015-01-08,150
2015-01-09,150
2015-01-10,149
2015-01-11,149
2015-01-12,148
2015-01-13,147
2015-01-14,146
2015-01-15,145
2015-01-16,144
2015-01-17,143
2015-01-18,142
2015-01-19,141
2015-01-20,139
2015-01-21,138
2015-01-22,137
2015-01-23,135
2015-01-24,134
2015-01-25,132
2015-01-26,131
2015-01-27,130
2015-01-28,128
2015-01-29,127
2015-01-30,126
2015-01-31,124
2015-02-01,123
2015-02-02,122
2015-02-03,121
2015-02-04,120
2015-02-05,118
2015-02-06,117
2015-02-07,117
2015-02-08,116
2015-02-09,115
2015-02-10,114
2015-02-11,113
2015-02-12,113
2015-02-13,112
2015-02-14,112
2015-02-15,112
2015-02-16,111
2015-02-17,111
2015-02-18,111
2015-02-19,111
2015-02-20,112
2015-02-21,112
2015-02-22,112
2015-02-23,113
2015-02-24,114
2015-02-25,114
2015-02-26,115
2015-02-27,116
2015-02-28,118
2015-03-01,119
2015-03-02,121
2015-03-03,122
2015-03-04,124
2015-03-05,126
2015-03-06,128
2015-03-07,130
2015-03-08,132
2015-03-09,134
2015-03-10,137
2015-03-11,139
2015-03-12,141
2015-03-13,144
2015-03-14,146
2015-03-15,149
2015-03-16,151
2015-03-17,154
2015-03-18,156
2015-03-19,158
2015-03-20,161
2015-03-21,163
2015-03-22,165
2015-03-23,167
2015-03-24,169
2015-03-25,171
2015-03-26,173
2015-03-27,175
2015-03-28,176
2015-03-29,178
2015-03-30,179
2015-03-31,180
2015-04-01,181
2015-04-02,182
2015-04-03,183
2015-04-04,183
2015-04-05,183
2015-04-06,184
2015-04-07,184
2015-04-08,183
2015-04-09,183
2015-04-10,183
2015-04-11,183
2015-04-12,182
2015-04-13,182
2015-04-14,181
2015-04-15,181
2015-04-16,180
2015-04-17,180
2015-04-18,179
2015-04-19,179
2015-04-20,178
2015-04-21,178
2015-04-22,177
2015-04-23,177
2015-04-24,177
2015-04-25,176
2015-04-26,176
2015-04-27,176
2015-04-28,176
2015-04-29,177
2015-04-30,177
2015-05-01,178
2015-05-02,178
2015-05-03,179
2015-05-04,180
2015-05-05,181
2015-05-06,183
2015-05-07,184
2015-05-08,185
2015-05-09,187
2015-05-10,188
2015-05-11,189
2015-05-12,190
2015-05-13,192
2015-05-14,193
2015-05-15,194
2015-05-16,195
2015-05-17,195
2015-05-18,196
2015-05-19,196
2015-05-20,197
2015-05-21,197
2015-05-22,196
2015-05-23,196
2015-05-24,195
2015-05-25,194
2015-05-26,192
2015-05-27,191
2015-05-28,188
2015-05-29,186
2015-05-30,183
2015-05-31,179
2015-06-01,175
2015-06-02,171
2015-06-03,166
2015-06-04,161
2015-06-05,155
2015-06-06,150
2015-06-07,144
2015-06-08,137
2015-06-09,131
2015-06-10,125
2015-06-11,118
2015-06-12,112
2015-06-13,105
2015-06-14,99
2015-06-15,93
2015-06-16,87
2015-06-17,81
2015-06-18,76
2015-06-19,71
2015-06-20,66
2015-06-21,62
2015-06-22,59
2015-06-23,55
2015-06-24,53
2015-06-25,51
2015-06-26,50
2015-06-27,50
2015-06-28,50
2015-06-29,51
2015-06-30,53
2015-07-01,57
2015-07-02,61
2015-07-03,66
2015-07-04,71
2015-07-05,78
2015-07-06,85
2015-07-07,93
2015-07-08,102
2015-07-09,111
2015-07-10,120
2015-07-11,130
2015-07-12,140
2015-07-13,150
2015-07-14,161
2015-07-15,171
2015-07-16,182
2015-07-17,192
2015-07-18,202
2015-07-19,212
2015-07-20,221
2015-07-21,231
2015-07-22,239
2015-07-23,248
2015-07-24,255
2015-07-25,262
2015-07-26,269
2015-07-27,274
2015-07-28,278
2015-07-29,282
2015-07-30,285
2015-07-31,286
2015-08-01,286
2015-08-02,285
2015-08-03,283
2015-08-04,280
2015-08-05,276
2015-08-06,270
2015-08-07,264
2015-08-08,257
2015-08-09,249
2015-08-10,241
2015-08-11,231
2015-08-12,222
2015-08-13,211
2015-08-14,201
2015-08-15,190
2015-08-16,178
2015-08-17,167
2015-08-18,155
2015-08-19,143
2015-08-20,131
2015-08-21,119
2015-08-22,107
2015-08-23,96
2015-08-24,84
2015-08-25,73
2015-08-26,63
2015-08-27,52
2015-08-28,43
2015-08-29,33
2015-08-30,25
2015-08-31,17
2015-09-01,10
2015-09-02,4
2015-09-03,2
2015-09-04,6
2015-09-05,10
2015-09-06,13
2015-09-07,16
2015-09-08,18
2015-09-09,19
2015-09-10,20
2015-09-11,21
2015-09-12,20
2015-09-13,20
2015-09-14,19
2015-09-15,18
2015-09-16,16
2015-09-17,14
2015-09-18,12
2015-09-19,10
2015-09-20,7
2015-09-21,5
2015-09-22,2
2015-09-23,0
2015-09-24,3
2015-09-25,6
2015-09-26,8
2015-09-27,11
2015-09-28,13
2015-09-29,15
2015-09-30,17
2015-10-01,19
2015-10-02,20
2015-10-03,21
2015-10-04,22
2015-10-05,23
2015-10-06,23
2015-10-07,23
2015-10-08,23
2015-10-09,23
2015-10-10,23
2015-10-11,22
2015-10-12,22
2015-10-13,21
2015-10-14,20
2015-10-15,19
2015-10-16,18
2015-10-17,17
2015-10-18,16
2015-10-19,15
2015-10-20,14
2015-10-21,13
2015-10-22,12
2015-10-23,11
2015-10-24,11
2015-10-25,10
2015-10-26,9
2015-10-27,9
2015-10-28,9
2015-10-29,9
2015-10-30,9
2015-10-31,9
2015-11-01,10
2015-11-02,11
2015-11-03,12
2015-11-04,13
2015-11-05,15
2015-11-06,17
2015-11-07,18
2015-11-08,21
2015-11-09,23
2015-11-10,25
2015-11-11,28
2015-11-12,31
2015-11-13,34
2015-11-14,37
2015-11-15,40
2015-11-16,43
2015-11-17,46
2015-11-18,50
2015-11-19,53
2015-11-20,57
2015-11-21,60
2015-11-22,64
2015-11-23,68
2015-11-24,72
2015-11-25,75
2015-11-26,79
2015-11-27,83
2015-11-28,86
2015-11-29,90
2015-11-30,94
2015-12-01,97
2015-12-02,101
2015-12-03,104
2015-12-04,108
2015-12-05,111
2015-12-06,114
2015-12-07,118
2015-12-08,121
2015-12-09,124
2015-12-10,127
2015-12-11,130
2015-12-12,133
2015-12-13,135
2015-12-14,138
2015-12-15,141
2015-12-16,143
2015-12-17,146
2015-12-18,148
2015-12-19,150
2015-12-20,152
2015-12-21,154
2015-12-22,156
2015-12-23,158
2015-12-24,160
2015-12-25,162
2015-12-26,163
2015-12-27,165
2015-12-28,166
2015-12-29,167
2015-12-30,168
2015-12-31,170
2016-01-01,170
2016-01-02,171
2016-01-03,172
2016-01-04,172
2016-01-05,173
2016-01-06,173
2016-01-07,174
2016-01-08,174
2016-01-09,174
2016-01-10,174
2016-01-11,174
2016-01-12,174
2016-01-13,173
2016-01-14,173
2016-01-15,173
2016-01-16,172
2016-01-17,172
2016-01-18,171
2016-01-19,171
2016-01-20,170
2016-01-21,170
2016-01-22,169
2016-01-23,168
2016-01-24,168
2016-01-25,167
2016-01-26,166
2016-01-27,165
2016-01-28,165
2016-01-29,164
2016-01-30,163
2016-01-31,162
2016-02-01,161
2016-02-02,161
2016-02-03,160
2016-02-04,159
2016-02-05,159
2016-02-06,158
2016-02-07,157
2016-02-08,157
2016-02-09,156
2016-02-10,156
2016-02-11,155
2016-02-12,155
2016-02-13,154
2016-02-14,154
2016-02-15,153
2016-02-16,153
2016-02-17,153
2016-02-18,152
2016-02-19,152
2016-02-20,152
2016-02-21,152
2016-02-22,152
2016-02-23,152
2016-02-24,152
2016-02-25,152
2016-02-26,152
2016-02-27,152
2016-02-28,153
2016-02-29,153
2016-03-01,153
2016-03-02,154
2016-03-03,154
2016-03-04,155
2016-03-05,156
2016-03-06,157
2016-03-07,158
2016-03-08,159
2016-03-09,160
2016-03-10,161
2016-03-11,163
2016-03-12,164
2016-03-13,166
2016-03-14,168
2016-03-15,171
2016-03-16,173
2016-03-17,176
2016-03-18,179
2016-03-19,182
2016-03-20,185
2016-03-21,189
2016-03-22,193
2016-03-23,197
2016-03-24,201
2016-03-25,206
2016-03-26,211
2016-03-27,217
2016-03-28,222
2016-03-29,229
2016-03-30,235
2016-03-31,242
2016-04-01,249
2016-04-02,256
2016-04-03,264
2016-04-04,272
2016-04-05,281
2016-04-06,289
2016-04-07,298
2016-04-08,307
2016-04-09,316
2016-04-10,325
2016-04-11,334
2016-04-12,342
2016-04-13,351
2016-04-14,360
2016-04-15,368
2016-04-16,377
2016-04-17,384
2016-04-18,392
2016-04-19,399
2016-04-20,406
2016-04-21,412
2016-04-22,418
2016-04-23,424
2016-04-24,428
2016-04-25,433
2016-04-26,436
2016-04-27,439
2016-04-28,441
2016-04-29,442
2016-04-30,442
2016-05-01,442
2016-05-02,440
2016-05-03,438
2016-05-04,435
2016-05-05,431
2016-05-06,426
2016-05-07,421
2016-05-08,415
2016-05-09,409
2016-05-10,402
2016-05-11,395
2016-05-12,388
2016-05-13,380
2016-05-14,372
2016-05-15,364
2016-05-16,356
2016-05-17,347
2016-05-18,339
2016-05-19,331
2016-05-20,323
2016-05-21,316
2016-05-22,308
2016-05-23,301
2016-05-24,295
2016-05-25,289
2016-05-26,283
2016-05-27,278
2016-05-28,273
2016-05-29,270
2016-05-30,267
2016-05-31,265
2016-06-01,263
2016-06-02,263
2016-06-03,264
2016-06-04,265
2016-06-05,267
2016-06-06,270
2016-06-07,274
2016-06-08,278
2016-06-09,283
2016-06-10,288
2016-06-11,293
2016-06-12,299
2016-06-13,305
2016-06-14,312
2016-06-15,318
2016-06-16,325
2016-06-17,331
2016-06-18,338
2016-06-19,345
2016-06-20,351
2016-06-21,357
2016-06-22,363
2016-06-23,369
2016-06-24,374
2016-06-25,379
2016-06-26,383
2016-06-27,387
2016-06-28,390
2016-06-29,393
2016-06-30,394
2016-07-01,395
2016-07-02,395
2016-07-03,394
2016-07-04,393
2016-07-05,391
2016-07-06,388
2016-07-07,384
2016-07-08,380
2016-07-09,376
2016-07-10,371
2016-07-11,366
2016-07-12,360
2016-07-13,354
2016-07-14,348
2016-07-15,342
2016-07-16,335
2016-07-17,329
2016-07-18,322
2016-07-19,316
2016-07-20,310
2016-07-21,304
2016-07-22,298
2016-07-23,292
2016-07-24,287
2016-07-25,282
2016-07-26,277
2016-07-27,273
2016-07-28,270
2016-07-29,267
2016-07-30,264
2016-07-31,263
2016-08-01,262
2016-08-02,262
2016-08-03,263
2016-08-04,264
2016-08-05,266
2016-08-06,269
2016-08-07,272
2016-08-08,276
2016-08-09,280
2016-08-10,285
2016-08-11,290
2016-08-12,295
2016-08-13,301
2016-08-14,306
2016-08-15,312
2016-08-16,318
2016-08-17,324
2016-08-18,329
2016-08-19,335
2016-08-20,341
2016-08-21,346
2016-08-22,351
2016-08-23,356
2016-08-24,361
2016-08-25,365
2016-08-26,369
2016-08-27,372
2016-08-28,375
2016-08-29,377
2016-08-30,378
2016-08-31,379
2016-09-01,379
2016-09-02,378
2016-09-03,376
2016-09-04,374
2016-09-05,371
2016-09-06,367
2016-09-07,363
2016-09-08,358
2016-09-09,352
2016-09-10,347
2016-09-11,340
2016-09-12,334
2016-09-13,327
2016-09-14,319
2016-09-15,312
2016-09-16,304
2016-09-17,296
2016-09-18,288
2016-09-19,280
2016-09-20,272
2016-09-21,263
2016-09-22,255
2016-09-23,247
2016-09-24,239
2016-09-25,231
2016-09-26,224
2016-09-27,217
2016-09-28,210
2016-09-29,203
2016-09-30,197
2016-10-01,191
2016-10-02,185
2016-10-03,181
2016-10-04,176
2016-10-05,172
2016-10-06,169
2016-10-07,165
2016-10-08,163
2016-10-09,160
2016-10-10,158
2016-10-11,157
2016-10-12,155
2016-10-13,155
2016-10-14,154
2016-10-15,154
2016-10-16,154
2016-10-17,154
2016-10-18,155
2016-10-19,156
2016-10-20,157
2016-10-21,159
2016-10-22,161
2016-10-23,163
2016-10-24,165
2016-10-25,167
2016-10-26,170
2016-10-27,173
2016-10-28,176
2016-10-29,179
2016-10-30,182
2016-10-31,186
2016-11-01,190
2016-11-02,193
2016-11-03,197
2016-11-04,201
2016-11-05,205
2016-11-06,210
2016-11-07,214
2016-11-08,218
2016-11-09,223
2016-11-10,227
2016-11-11,232
2016-11-12,236
2016-11-13,241
2016-11-14,245
2016-11-15,250
2016-11-16,255
2016-11-17,259
2016-11-18,264
2016-11-19,269
2016-11-20,273
2016-11-21,278
2016-11-22,282
2016-11-23,287
2016-11-24,291
2016-11-25,295
2016-11-26,299
2016-11-27,304
2016-11-28,308
2016-11-29,311
2016-11-30,315
2016-12-01,319
2016-12-02,322
2016-12-03,326
2016-12-04,329
2016-12-05,332
2016-12-06,335
2016-12-07,338
2016-12-08,341
2016-12-09,343
2016-12-10,346
2016-12-11,348
2016-12-12,350
2016-12-13,352
2016-12-14,354
2016-12-15,356
2016-12-16,358
2016-12-17,360
2016-12-18,361
2016-12-19,362
2016-12-20,364
2016-12-21,365
2016-12-22,366
2016-12-23,367
2016-12-24,367
2016-12-25,368
2016-12-26,369
2016-12-27,369
2016-12-28,369
2016-12-29,370
2016-12-30,370
2016-12-31,370
2017-01-01,370
2017-01-02,369
2017-01-03,369
2017-01-04,369
2017-01-05,368
2017-01-06,367
2017-01-07,366
2017-01-08,365
2017-01-09,364
2017-01-10,363
2017-01-11,361
2017-01-12,359
2017-01-13,357
2017-01-14,355
2017-01-15,353
2017-01-16,350
2017-01-17,347
2017-01-18,344
2017-01-19,341
2017-01-20,337
2017-01-21,333
2017-01-22,329
2017-01-23,325
2017-01-24,320
2017-01-25,315
2017-01-26,309
2017-01-27,304
2017-01-28,298
2017-01-29,291
2017-01-30,284
2017-01-31,277
2017-02-01,270
2017-02-02,262
2017-02-03,254
2017-02-04,245
2017-02-05,237
2017-02-06,228
2017-02-07,219
2017-02-08,210
2017-02-09,202
2017-02-10,193
2017-02-11,184
2017-02-12,176
2017-02-13,168
2017-02-14,160
2017-02-15,152
2017-02-16,145
2017-02-17,138
2017-02-18,132
2017-02-19,127
2017-02-20,122
2017-02-21,118
2017-02-22,115
2017-02-23,112
2017-02-24,111
2017-02-25,110
2017-02-26,111
2017-02-27,112
2017-02-28,114
2017-03-01,118
2017-03-02,123
2017-03-03,129
2017-03-04,136
2017-03-05,144
2017-03-06,154
2017-03-07,164
2017-03-08,174
2017-03-09,186
2017-03-10,198
2017-03-11,211
2017-03-12,224
2017-03-13,238
2017-03-14,252
2017-03-15,266
2017-03-16,281
2017-03-17,295
2017-03-18,310
2017-03-19,325
2017-03-20,340
2017-03-21,354
2017-03-22,369
2017-03-23,383
2017-03-24,397
2017-03-25,410
2017-03-26,423
2017-03-27,435
2017-03-28,447
2017-03-29,458
2017-03-30,468
2017-03-31,477
2017-04-01,485
2017-04-02,493
2017-04-03,499
2017-04-04,505
2017-04-05,509
2017-04-06,513
2017-04-07,515
2017-04-08,517
2017-04-09,518
2017-04-10,518
2017-04-11,517
2017-04-12,516
2017-04-13,513
2017-04-14,510
2017-04-15,506
2017-04-16,502
2017-04-17,496
2017-04-18,490
2017-04-19,483
2017-04-20,476
2017-04-21,468
2017-04-22,459
2017-04-23,450
2017-04-24,440
2017-04-25,429
2017-04-26,418
2017-04-27,406
2017-04-28,394
2017-04-29,382
2017-04-30,369
2017-05-01,355
2017-05-02,341
2017-05-03,327
2017-05-04,312
2017-05-05,297
2017-05-06,282
2017-05-07,267
2017-05-08,252
2017-05-09,237
2017-05-10,222
2017-05-11,207
2017-05-12,193
2017-05-13,179
2017-05-14,165
2017-05-15,152
2017-05-16,139
2017-05-17,128
2017-05-18,117
2017-05-19,106
2017-05-20,97
2017-05-21,88
2017-05-22,81
2017-05-23,75
2017-05-24,69
2017-05-25,66
2017-05-26,63
2017-05-27,62
2017-05-28,62
2017-05-29,64
2017-05-30,67
2017-05-31,73
2017-06-01,80
2017-06-02,88
2017-06-03,99
2017-06-04,111
2017-06-05,124
2017-06-06,139
2017-06-07,156
2017-06-08,173
2017-06-09,191
2017-06-10,210
2017-06-11,230
2017-06-12,251
2017-06-13,272
2017-06-14,294
2017-06-15,316
2017-06-16,338
2017-06-17,361
2017-06-18,383
2017-06-19,405
2017-06-20,427
2017-06-21,448
2017-06-22,469
2017-06-23,490
2017-06-24,509
2017-06-25,528
2017-06-26,546
2017-06-27,563
2017-06-28,578
2017-06-29,592
2017-06-30,605
2017-07-01,616
2017-07-02,626
2017-07-03,634
2017-07-04,640
2017-07-05,646
2017-07-06,649
2017-07-07,652
2017-07-08,653
2017-07-09,653
2017-07-10,652
2017-07-11,651
2017-07-12,648
2017-07-13,645
2017-07-14,641
2017-07-15,636
2017-07-16,631
2017-07-17,625
2017-07-18,619
2017-07-19,613
2017-07-20,607
2017-07-21,600
2017-07-22,594
2017-07-23,587
2017-07-24,581
2017-07-25,575
2017-07-26,569
2017-07-27,564
2017-07-28,559
2017-07-29,555
2017-07-30,551
2017-07-31,548
2017-08-01,546
2017-08-02,545
2017-08-03,544
2017-08-04,545
2017-08-05,546
2017-08-06,548
2017-08-07,550
2017-08-08,553
2017-08-09,556
2017-08-10,560
2017-08-11,565
2017-08-12,569
2017-08-13,574
2017-08-14,579
2017-08-15,585
2017-08-16,590
2017-08-17,595
2017-08-18,601
2017-08-19,606
2017-08-20,612
2017-08-21,617
2017-08-22,622
2017-08-23,627
2017-08-24,631
2017-08-25,635
2017-08-26,638
2017-08-27,641
2017-08-28,644
2017-08-29,646
2017-08-30,647
2017-08-31,648
2017-09-01,647
2017-09-02,646
2017-09-03,644
2017-09-04,642
2017-09-05,639
2017-09-06,635
2017-09-07,630
2017-09-08,625
2017-09-09,619
2017-09-10,613
2017-09-11,607
2017-09-12,600
2017-09-13,593
2017-09-14,586
2017-09-15,578
2017-09-16,570
2017-09-17,562
2017-09-18,554
2017-09-19,546
2017-09-20,538
2017-09-21,529
2017-09-22,521
2017-09-23,513
2017-09-24,506
2017-09-25,498
2017-09-26,491
2017-09-27,484
2017-09-28,477
2017-09-29,471
2017-09-30,465
2017-10-01,460
2017-10-02,455
2017-10-03,451
2017-10-04,447
2017-10-05,444
2017-10-06,441
2017-10-07,438
2017-10-08,436
2017-10-09,434
2017-10-10,432
2017-10-11,430
2017-10-12,429
2017-10-13,427
2017-10-14,426
2017-10-15,424
2017-10-16,423
2017-10-17,422
2017-10-18,420
2017-10-19,419
2017-10-20,417
2017-10-21,415
2017-10-22,413
2017-10-23,410
2017-10-24,408
2017-10-25,404
2017-10-26,401
2017-10-27,397
2017-10-28,392
2017-10-29,388
2017-10-30,382
2017-10-31,376
2017-11-01,369
2017-11-02,362
2017-11-03,354
2017-11-04,346
2017-11-05,337
2017-11-06,328
2017-11-07,319
2017-11-08,309
2017-11-09,300
2017-11-10,291
2017-11-11,282
2017-11-12,274
2017-11-13,266
2017-11-14,258
2017-11-15,251
2017-11-16,245
2017-11-17,239
2017-11-18,235
2017-11-19,231
2017-11-20,229
2017-11-21,228
2017-11-22,228
2017-11-23,230
2017-11-24,233
2017-11-25,237
2017-11-26,244
2017-11-27,252
2017-11-28,262
2017-11-29,274
2017-11-30,288
2017-12-01,305
2017-12-02,324
2017-12-03,344
2017-12-04,367
2017-12-05,392
2017-12-06,418
2017-12-07,445
2017-12-08,474
2017-12-09,504
2017-12-10,535
2017-12-11,566
2017-12-12,598
2017-12-13,630
2017-12-14,662
2017-12-15,694
2017-12-16,726
2017-12-17,758
2017-12-18,789
2017-12-19,819
2017-12-20,848
2017-12-21,876
2017-12-22,903
2017-12-23,928
2017-12-24,952
2017-12-25,974
2017-12-26,994
2017-12-27,1011
2017-12-28,1026
2017-12-29,1039
2017-12-30,1048
2017-12-31,1055
2018-01-01,1059
2018-01-02,1059
2018-01-03,1057
2018-01-04,1051
2018-01-05,1043
2018-01-06,1032
2018-01-07,1018
2018-01-08,1002
2018-01-09,985
2018-01-10,965
2018-01-11,943
2018-01-12,920
2018-01-13,896
2018-01-14,870
2018-01-15,844
2018-01-16,816
2018-01-17,788
2018-01-18,759
2018-01-19,730
2018-01-20,701
2018-01-21,672
2018-01-22,643
2018-01-23,615
2018-01-24,586
2018-01-25,559
2018-01-26,533
2018-01-27,507
2018-01-28,483
2018-01-29,460
2018-01-30,439
2018-01-31,420
2018-02-01,402
2018-02-02,387
2018-02-03,374
2018-02-04,362
2018-02-05,353
2018-02-06,345
2018-02-07,339
2018-02-08,335
2018-02-09,332
2018-02-10,330
2018-02-11,330
2018-02-12,331
2018-02-13,333
2018-02-14,337
2018-02-15,341
2018-02-16,347
2018-02-17,353
2018-02-18,360
2018-02-19,367
2018-02-20,375
2018-02-21,384
2018-02-22,393
2018-02-23,402
2018-02-24,412
2018-02-25,422
2018-02-26,432
2018-02-27,441
2018-02-28,451
2018-03-01,461
2018-03-02,470
2018-03-03,479
2018-03-04,488
2018-03-05,496
2018-03-06,504
2018-03-07,512
2018-03-08,520
2018-03-09,528
2018-03-10,535
2018-03-11,543
2018-03-12,550
2018-03-13,557
2018-03-14,563
2018-03-15,570
2018-03-16,577
2018-03-17,583
2018-03-18,589
2018-03-19,595
2018-03-20,601
2018-03-21,607
2018-03-22,613
2018-03-23,619
2018-03-24,625
2018-03-25,631
2018-03-26,636
2018-03-27,642
2018-03-28,648
2018-03-29,653
2018-03-30,659
2018-03-31,665
2018-04-01,671
2018-04-02,676
2018-04-03,682
2018-04-04,688
2018-04-05,694
2018-04-06,700
2018-04-07,707
2018-04-08,713
2018-04-09,720
2018-04-10,727
2018-04-11,734
2018-04-12,742
2018-04-13,750
2018-04-14,758
2018-04-15,766
2018-04-16,775
2018-04-17,785
2018-04-18,794
2018-04-19,805
2018-04-20,815
2018-04-21,827
2018-04-22,839
2018-04-23,851
2018-04-24,864
2018-04-25,878
2018-04-26,892
2018-04-27,907
2018-04-28,922
2018-04-29,939
2018-04-30,956
2018-05-01,974
2018-05-02,992
2018-05-03,1012
2018-05-04,1032
2018-05-05,1052
2018-05-06,1073
2018-05-07,1095
2018-05-08,1117
2018-05-09,1139
2018-05-10,1161
2018-05-11,1184
2018-05-12,1207
2018-05-13,1230
2018-05-14,1253
2018-05-15,1275
2018-05-16,1298
2018-05-17,1320
2018-05-18,1342
2018-05-19,1364
2018-05-20,1385
2018-05-21,1406
2018-05-22,1426
2018-05-23,1445
2018-05-24,1464
2018-05-25,1482
2018-05-26,1499
2018-05-27,1515
2018-05-28,1530
2018-05-29,1545
2018-05-30,1558
2018-05-31,1569
2018-06-01,1580
2018-06-02,1589
2018-06-03,1597
2018-06-04,1604
2018-06-05,1609
2018-06-06,1614
2018-06-07,1617
2018-06-08,1619
2018-06-09,1621
2018-06-10,1621
2018-06-11,1620
2018-06-12,1619
2018-06-13,1616
2018-06-14,1613
2018-06-15,1609
2018-06-16,1604
2018-06-17,1599
2018-06-18,1593
2018-06-19,1587
2018-06-20,1580
2018-06-21,1573
2018-06-22,1565
2018-06-23,1557
2018-06-24,1548
2018-06-25,1539
2018-06-26,1530
2018-06-27,1521
2018-06-28,1511
2018-06-29,1502
2018-06-30,1492
2018-07-01,1483
2018-07-02,1473
2018-07-03,1464
2018-07-04,1454
2018-07-05,1445
2018-07-06,1435
2018-07-07,1426
2018-07-08,1417
2018-07-09,1408
2018-07-10,1399
2018-07-11,1390
2018-07-12,1381
2018-07-13,1372
2018-07-14,1363
2018-07-15,1354
2018-07-16,1346
2018-07-17,1337
2018-07-18,1329
2018-07-19,1321
2018-07-20,1313
2018-07-21,1305
2018-07-22,1297
2018-07-23,1289
2018-07-24,1281
2018-07-25,1274
2018-07-26,1267
2018-07-27,1260
2018-07-28,1253
2018-07-29,1246
2018-07-30,1239
2018-07-31,1233
2018-08-01,1226
2018-08-02,1220
2018-08-03,1214
2018-08-04,1209
2018-08-05,1203
2018-08-06,1197
2018-08-07,1192
2018-08-08,1186
2018-08-09,1181
2018-08-10,1175
2018-08-11,1170
2018-08-12,1164
2018-08-13,1158
2018-08-14,1152
2018-08-15,1146
2018-08-16,1140
2018-08-17,1134
2018-08-18,1127
2018-08-19,1120
2018-08-20,1113
2018-08-21,1106
2018-08-22,1098
2018-08-23,1090
2018-08-24,1081
2018-08-25,1072
2018-08-26,1063
2018-08-27,1053
2018-08-28,1042
2018-08-29,1031
2018-08-30,1020
2018-08-31,1008
2018-09-01,995
2018-09-02,982
2018-09-03,968
2018-09-04,954
2018-09-05,939
2018-09-06,924
2018-09-07,909
2018-09-08,893
2018-09-09,877
2018-09-10,861
2018-09-11,845
2018-09-12,828
2018-09-13,812
2018-09-14,796
2018-09-15,780
2018-09-16,764
2018-09-17,748
2018-09-18,733
2018-09-19,718
2018-09-20,704
2018-09-21,690
2018-09-22,676
2018-09-23,664
2018-09-24,651
2018-09-25,640
2018-09-26,629
2018-09-27,620
2018-09-28,611
2018-09-29,603
2018-09-30,596
2018-10-01,590
2018-10-02,585
2018-10-03,581
2018-10-04,579
2018-10-05,577
2018-10-06,576
2018-10-07,577
2018-10-08,578
2018-10-09,580
2018-10-10,582
2018-10-11,586
2018-10-12,590
2018-10-13,594
2018-10-14,600
2018-10-15,606
2018-10-16,612
2018-10-17,619
2018-10-18,626
2018-10-19,634
2018-10-20,642
2018-10-21,650
2018-10-22,658
2018-10-23,667
2018-10-24,676
2018-10-25,685
2018-10-26,694
2018-10-27,703
2018-10-28,712
2018-10-29,721
2018-10-30,730
2018-10-31,738
2018-11-01,747
2018-11-02,755
2018-11-03,763
2018-11-04,771
2018-11-05,778
2018-11-06,786
2018-11-07,793
2018-11-08,800
2018-11-09,806
2018-11-10,813
2018-11-11,819
2018-11-12,826
2018-11-13,832
2018-11-14,838
2018-11-15,843
2018-11-16,849
2018-11-17,855
2018-11-18,860
2018-11-19,865
2018-11-20,870
2018-11-21,876
2018-11-22,881
2018-11-23,885
2018-11-24,890
2018-11-25,895
2018-11-26,900
2018-11-27,905
2018-11-28,909
2018-11-29,914
2018-11-30,919
2018-12-01,923
2018-12-02,928
2018-12-03,933
2018-12-04,937
2018-12-05,942
2018-12-06,947
2018-12-07,952
2018-12-08,956
2018-12-09,961
2018-12-10,966
2018-12-11,971
2018-12-12,976
2018-12-13,982
2018-12-14,987
2018-12-15,992
2018-12-16,998
2018-12-17,1003
2018-12-18,1009
2018-12-19,1015
2018-12-20,1021
2018-12-21,1027
2018-12-22,1034
2018-12-23,1040
2018-12-24,1047
2018-12-25,1054
2018-12-26,1061
2018-12-27,1068
2018-12-28,1076
2018-12-29,1084
2018-12-30,1092
2018-12-31,1100
